Pd,Pfa,total_scans,total_switches,rf_utilization,ir_utilization,mean_aoi,max_aoi,latency_mean,latency_p95,scenario,scheduler,seed
0.0,0.12260536398467432,261,0,1.0,0.0,0.0,0.0,6.998855212280342e-06,1.4250006643123913e-05,A_STATIC,Random,42
0.0,0.1856060606060606,264,0,1.0,0.0,0.0,0.0,1.2427169932843238e-05,1.6840000171214335e-05,A_STATIC,Random,43
0.0,0.14606741573033707,267,0,1.0,0.0,0.0,0.0,2.018992560820084e-05,2.961500285891809e-05,A_STATIC,Random,44
0.0,0.1520912547528517,263,0,1.0,0.0,0.0,0.0,6.671742448816076e-05,1.6764996689744288e-05,A_STATIC,Random,45
0.0,0.16417910447761194,268,0,1.0,0.0,0.0,0.0,9.417472366974118e-06,2.364000538364052e-05,A_STATIC,Random,46
0.0,0.12643678160919541,261,0,1.0,0.0,0.0,0.0,2.180000003747187e-05,2.8795000980608164e-05,A_STATIC,Random,47
0.0,0.1417910447761194,268,0,1.0,0.0,0.0,0.0,3.378066984282246e-05,2.8239996754564342e-05,A_STATIC,Random,48
0.0,0.1471698113207547,265,0,1.0,0.0,0.0,0.0,1.8515788991165283e-05,9.957499423762783e-05,A_STATIC,Random,49
0.0,0.13636363636363635,264,0,1.0,0.0,0.0,0.0,2.8954340169153544e-05,4.972000024281427e-05,A_STATIC,Random,50
0.0,0.15708812260536398,261,0,1.0,0.0,0.0,0.0,0.0001946599233272585,8.696999648236659e-05,A_STATIC,Random,51
0.0,0.156,250,0,1.0,0.0,0.0,0.0,4.806175324286657e-05,1.580000389367342e-05,A_STATIC,RoundRobin,42
0.0,0.164,250,0,1.0,0.0,0.0,0.0,8.4239042311187e-06,1.1800002539530396e-05,A_STATIC,RoundRobin,43
0.0,0.128,250,0,1.0,0.0,0.0,0.0,2.8700797018071868e-05,1.030000566970557e-05,A_STATIC,RoundRobin,44
0.0,0.128,250,0,1.0,0.0,0.0,0.0,8.505976337297594e-06,6.550006219185889e-06,A_STATIC,RoundRobin,45
0.0,0.168,250,0,1.0,0.0,0.0,0.0,3.2111551321345378e-06,6.900001608300954e-06,A_STATIC,RoundRobin,46
0.0,0.148,250,0,1.0,0.0,0.0,0.0,1.5357769276683342e-05,6.400005077011883e-06,A_STATIC,RoundRobin,47
0.0,0.156,250,0,1.0,0.0,0.0,0.0,2.716335343230382e-06,5.200003215577453e-06,A_STATIC,RoundRobin,48
0.0,0.136,250,0,1.0,0.0,0.0,0.0,4.890438902518337e-06,6.000002031214535e-06,A_STATIC,RoundRobin,49
0.0,0.144,250,0,1.0,0.0,0.0,0.0,3.3557770515892253e-06,5.900001269765198e-06,A_STATIC,RoundRobin,50
0.0,0.16,250,0,1.0,0.0,0.0,0.0,3.874901263785374e-06,7.2499969974160194e-06,A_STATIC,RoundRobin,51
0.0,0.9919354838709677,496,0,1.0,0.0,0.0,0.0,8.01909457218985e-05,5.587999767158176e-05,A_STATIC,Greedy,42
0.0,0.9919191919191919,495,0,1.0,0.0,0.0,0.0,4.848568603906202e-05,8.099999831756577e-05,A_STATIC,Greedy,43
0.0,1.0,500,0,1.0,0.0,0.0,0.0,4.6361876015426843e-05,0.00010059999476652592,A_STATIC,Greedy,44
0.0,0.9816700610997964,491,0,1.0,0.0,0.0,0.0,2.6596747974087145e-05,5.0575000204844384e-05,A_STATIC,Greedy,45
0.0,0.9878542510121457,494,0,1.0,0.0,0.0,0.0,2.9383232461928267e-05,4.550999728962776e-05,A_STATIC,Greedy,46
0.0,0.9979919678714859,498,0,1.0,0.0,0.0,0.0,9.139699400411937e-05,6.202000513439994e-05,A_STATIC,Greedy,47
0.0,0.9919354838709677,496,0,1.0,0.0,0.0,0.0,2.9124748410321622e-05,4.58399998024106e-05,A_STATIC,Greedy,48
0.0,0.9878296146044625,493,0,1.0,0.0,0.0,0.0,3.100040475135624e-05,5.171999582671556e-05,A_STATIC,Greedy,49
0.0,0.9959758551307847,497,0,1.0,0.0,0.0,0.0,3.428032151755342e-05,7.801999745424835e-05,A_STATIC,Greedy,50
0.0,0.98989898989899,495,0,1.0,0.0,0.0,0.0,3.706874987631548e-05,9.690000661066733e-05,A_STATIC,Greedy,51
0.0,0.20717131474103587,251,0,1.0,0.0,0.0,0.0,5.626388808614426e-05,0.00010338999636587682,A_STATIC,EarliestAoI,42
0.0,0.212,250,0,1.0,0.0,0.0,0.0,2.7883665409380666e-05,3.5700002626981586e-05,A_STATIC,EarliestAoI,43
0.0,0.199203187250996,251,0,1.0,0.0,0.0,0.0,1.1214683105381915e-05,1.990500604733824e-05,A_STATIC,EarliestAoI,44
0.0,0.188,250,0,1.0,0.0,0.0,0.0,1.1578485575148399e-05,2.6249996153637767e-05,A_STATIC,EarliestAoI,45
0.0,0.22,250,0,1.0,0.0,0.0,0.0,1.5939441852761337e-05,3.8700003642588854e-05,A_STATIC,EarliestAoI,46
0.0,0.208,250,0,1.0,0.0,0.0,0.0,1.141992031199583e-05,2.3600005079060793e-05,A_STATIC,EarliestAoI,47
0.0,0.224,250,0,1.0,0.0,0.0,0.0,2.4011952116569706e-05,2.5749992346391082e-05,A_STATIC,EarliestAoI,48
0.0,0.212,250,0,1.0,0.0,0.0,0.0,1.2652590324493696e-05,3.085000207647681e-05,A_STATIC,EarliestAoI,49
0.0,0.204,250,0,1.0,0.0,0.0,0.0,9.557768594440207e-06,2.2499996703118086e-05,A_STATIC,EarliestAoI,50
0.0,0.208,250,0,1.0,0.0,0.0,0.0,1.0432669335412255e-05,2.0199993741698563e-05,A_STATIC,EarliestAoI,51
0.0,0.7914572864321608,398,0,1.0,0.0,0.0,0.0,4.8508771921608384e-05,4.8570004582870695e-05,A_STATIC,UCB1,42
0.0,0.7980049875311721,401,0,1.0,0.0,0.0,0.0,2.1833830765872472e-05,4.116499403608031e-05,A_STATIC,UCB1,43
0.0,0.794044665012407,403,0,1.0,0.0,0.0,0.0,1.969925715186919e-05,4.0794994856696484e-05,A_STATIC,UCB1,44
0.0,0.7934508816120907,397,0,1.0,0.0,0.0,0.0,1.8487688816203994e-05,3.266000130679457e-05,A_STATIC,UCB1,45
0.0,0.7774869109947644,382,0,1.0,0.0,0.0,0.0,4.0163446671278376e-05,6.730000313837081e-05,A_STATIC,UCB1,46
0.0,0.7955112219451371,401,0,1.0,0.0,0.0,0.0,7.263855756415676e-05,0.00015178000830928787,A_STATIC,UCB1,47
0.0,0.7878787878787878,396,0,1.0,0.0,0.0,0.0,9.890453433541707e-05,0.00016161999956239008,A_STATIC,UCB1,48
0.0,0.7960199004975125,402,0,1.0,0.0,0.0,0.0,5.5568237562499776e-05,0.00011235999845666805,A_STATIC,UCB1,49
0.0,0.7889447236180904,398,0,1.0,0.0,0.0,0.0,4.054235572661775e-05,5.976000102236858e-05,A_STATIC,UCB1,50
0.0,0.7893401015228426,394,0,1.0,0.0,0.0,0.0,0.00010825898785651013,0.0001758000071276907,A_STATIC,UCB1,51
0.0,0.9602510460251046,478,0,1.0,0.0,0.0,0.0,5.2749478028035314e-05,9.426000178791577e-05,A_STATIC,UCBTuned,42
0.0,0.9578059071729957,474,0,1.0,0.0,0.0,0.0,0.00021371368419893674,0.00012140000471845246,A_STATIC,UCBTuned,43
0.0,0.9625,480,0,1.0,0.0,0.0,0.0,6.087921000000577e-05,0.00011010000889655203,A_STATIC,UCBTuned,44
0.0,0.96,475,0,1.0,0.0,0.0,0.0,6.958991581399948e-05,0.00015434999295393936,A_STATIC,UCBTuned,45
0.0,0.9555084745762712,472,0,1.0,0.0,0.0,0.0,9.726617338473517e-05,0.00022382000170182418,A_STATIC,UCBTuned,46
0.0,0.9625,480,0,1.0,0.0,0.0,0.0,8.255966719149916e-05,0.00012700000661425292,A_STATIC,UCBTuned,47
0.0,0.9625,480,0,1.0,0.0,0.0,0.0,0.00014143596673645698,0.0002837999927578494,A_STATIC,UCBTuned,48
0.0,0.9625,480,0,1.0,0.0,0.0,0.0,0.00010856049888759557,0.0002423999976599589,A_STATIC,UCBTuned,49
0.0,0.9625,480,0,1.0,0.0,0.0,0.0,0.00010761309801983277,0.00027049999334849417,A_STATIC,UCBTuned,50
0.0,0.96,475,0,1.0,0.0,0.0,0.0,4.939117650242186e-05,0.00010542500240262598,A_STATIC,UCBTuned,51
0.0,1.0,500,0,1.0,0.0,0.0,0.0,1.7442514611261258e-05,1.7400001524947584e-05,A_STATIC,BayesianUCB,42
0.0,1.0,500,0,1.0,0.0,0.0,0.0,1.297445107807225e-05,2.1100000594742596e-05,A_STATIC,BayesianUCB,43
0.0,1.0,500,0,1.0,0.0,0.0,0.0,1.396486999703099e-05,2.3999993572942913e-05,A_STATIC,BayesianUCB,44
0.0,1.0,500,0,1.0,0.0,0.0,0.0,2.1666666493284518e-05,4.119999357499182e-05,A_STATIC,BayesianUCB,45
0.0,1.0,500,0,1.0,0.0,0.0,0.0,1.5057684382434913e-05,2.3300002794712782e-05,A_STATIC,BayesianUCB,46
0.0,1.0,500,0,1.0,0.0,0.0,0.0,1.2115568431241144e-05,2.3100001271814108e-05,A_STATIC,BayesianUCB,47
0.0,1.0,500,0,1.0,0.0,0.0,0.0,1.0329740402658661e-05,1.68999977177009e-05,A_STATIC,BayesianUCB,48
0.0,1.0,500,0,1.0,0.0,0.0,0.0,8.182834220182024e-06,1.3500000932253897e-05,A_STATIC,BayesianUCB,49
0.0,1.0,500,0,1.0,0.0,0.0,0.0,1.0650100293587855e-05,2.2099993657320738e-05,A_STATIC,BayesianUCB,50
0.0,1.0,500,0,1.0,0.0,0.0,0.0,2.1963672273970782e-05,2.2299995180219412e-05,A_STATIC,BayesianUCB,51
0.0,0.8758949880668258,419,68,0.8687350835322196,0.13126491646778043,0.0,0.0,7.370142875948833e-05,8.770499771344466e-05,A_STATIC,ThompsonSampling,42
0.0,0.8937644341801386,433,60,0.8822170900692841,0.11778290993071594,0.0,0.0,8.421751167190643e-05,0.00016096499821287573,A_STATIC,ThompsonSampling,43
0.0,0.8457831325301205,415,66,0.8409638554216867,0.15903614457831325,0.0,0.0,8.164158673305513e-05,0.00019520000205375254,A_STATIC,ThompsonSampling,44
0.0,0.8663484486873508,419,62,0.8568019093078759,0.1431980906921241,0.0,0.0,6.216880941619387e-05,0.00011987499237875401,A_STATIC,ThompsonSampling,45
0.0,0.9071925754060325,431,64,0.8909512761020881,0.10904872389791183,0.0,0.0,5.806574046329371e-05,8.470999964629295e-05,A_STATIC,ThompsonSampling,46
0.0,0.8383084577114428,402,76,0.8308457711442786,0.1691542288557214,0.0,0.0,5.414863504127371e-05,6.860001158202065e-05,A_STATIC,ThompsonSampling,47
0.0,0.8444444444444444,405,76,0.8395061728395061,0.16049382716049382,0.0,0.0,4.5464532188910606e-05,7.257499237312004e-05,A_STATIC,ThompsonSampling,48
0.0,0.8547619047619047,420,60,0.85,0.15,0.0,0.0,4.5598099174668165e-05,6.679999933112413e-05,A_STATIC,ThompsonSampling,49
0.0,0.85,420,58,0.85,0.15,0.0,0.0,4.7600000172868953e-05,9.780000254977494e-05,A_STATIC,ThompsonSampling,50
0.0,0.8899297423887588,427,62,0.882903981264637,0.117096018735363,0.0,0.0,8.538457918335535e-05,0.00014788500047870908,A_STATIC,ThompsonSampling,51
0.0,0.0946969696969697,264,0,1.0,0.0,0.0,0.0,1.3523396897516301e-05,1.1180012370459725e-05,B_PERIODIC,Random,42
0.0,0.10727969348659004,261,0,1.0,0.0,0.0,0.0,1.1228244126959213e-05,1.8315008492208998e-05,B_PERIODIC,Random,43
0.0,0.0946969696969697,264,0,1.0,0.0,0.0,0.0,9.626792227620927e-06,2.785999677143988e-05,B_PERIODIC,Random,44
0.0,0.08365019011406843,263,0,1.0,0.0,0.0,0.0,7.718939190398846e-06,1.468500995542854e-05,B_PERIODIC,Random,45
0.0,0.08712121212121213,264,0,1.0,0.0,0.0,0.0,2.323056561301269e-05,1.715999969746917e-05,B_PERIODIC,Random,46
0.0,0.10566037735849057,265,0,1.0,0.0,0.0,0.0,7.4274438723074485e-06,1.2674994650296867e-05,B_PERIODIC,Random,47
0.0,0.0946969696969697,264,0,1.0,0.0,0.0,0.0,6.758867607030245e-06,1.3359999866224821e-05,B_PERIODIC,Random,48
0.0,0.08365019011406843,263,0,1.0,0.0,0.0,0.0,6.339015244245247e-06,1.402500274707563e-05,B_PERIODIC,Random,49
0.0,0.07604562737642585,263,0,1.0,0.0,0.0,0.0,1.7746211927839216e-05,1.8725011614151296e-05,B_PERIODIC,Random,50
0.0,0.0946969696969697,264,0,1.0,0.0,0.0,0.0,1.977660362652661e-05,1.8120004096999757e-05,B_PERIODIC,Random,51
0.0,0.096,250,0,1.0,0.0,0.0,0.0,3.6601597522997644e-06,5.150002834852785e-06,B_PERIODIC,RoundRobin,42
0.0,0.104,250,0,1.0,0.0,0.0,0.0,2.087251293895937e-06,4.150002496317029e-06,B_PERIODIC,RoundRobin,43
0.0,0.076,250,0,1.0,0.0,0.0,0.0,1.4087653475854382e-06,2.7999994927085936e-06,B_PERIODIC,RoundRobin,44
0.0,0.068,250,0,1.0,0.0,0.0,0.0,1.7697213146189947e-06,3.850007487926632e-06,B_PERIODIC,RoundRobin,45
0.0,0.108,250,0,1.0,0.0,0.0,0.0,2.106374423706021e-06,2.7500063879415393e-06,B_PERIODIC,RoundRobin,46
0.0,0.088,250,0,1.0,0.0,0.0,0.0,1.7067728020562476e-06,4.150002496317029e-06,B_PERIODIC,RoundRobin,47
0.0,0.1,250,0,1.0,0.0,0.0,0.0,1.5864535086450587e-06,2.5500048650428653e-06,B_PERIODIC,RoundRobin,48
0.0,0.08,250,0,1.0,0.0,0.0,0.0,1.3868519025242543e-06,2.8999929782003164e-06,B_PERIODIC,RoundRobin,49
0.0,0.084,250,0,1.0,0.0,0.0,0.0,1.7131477004414297e-06,3.3000032999552786e-06,B_PERIODIC,RoundRobin,50
0.0,0.1,250,0,1.0,0.0,0.0,0.0,1.1067722336875194e-06,1.8499995348975062e-06,B_PERIODIC,RoundRobin,51
0.0,0.12,275,0,1.0,0.0,0.0,0.0,9.742754047982853e-06,2.1324998670024797e-05,B_PERIODIC,Greedy,42
0.0,0.10948905109489052,274,0,1.0,0.0,0.0,0.0,2.6818181451579388e-05,6.925999914528803e-05,B_PERIODIC,Greedy,43
0.0,0.428,500,0,1.0,0.0,0.0,0.0,1.3213772224466838e-05,3.060000017285347e-05,B_PERIODIC,Greedy,44
0.0,0.05747126436781609,261,0,1.0,0.0,0.0,0.0,5.8489312677295834e-05,8.371001167688516e-05,B_PERIODIC,Greedy,45
0.0,0.3325,400,0,1.0,0.0,0.0,0.0,1.6892020111007064e-05,2.720000338740647e-05,B_PERIODIC,Greedy,46
0.0,0.42771084337349397,498,0,1.0,0.0,0.0,0.0,1.7615430819230876e-05,2.8250009927432966e-05,B_PERIODIC,Greedy,47
0.0,0.41683778234086244,487,0,1.0,0.0,0.0,0.0,1.1363114294983432e-05,2.282500427099875e-05,B_PERIODIC,Greedy,48
0.0,0.10112359550561797,267,0,1.0,0.0,0.0,0.0,1.5228731647210279e-05,2.757501133601178e-05,B_PERIODIC,Greedy,49
0.0,0.4164989939637827,497,0,1.0,0.0,0.0,0.0,4.109036143266981e-05,7.55200053390581e-05,B_PERIODIC,Greedy,50
0.0,0.43004115226337447,486,0,1.0,0.0,0.0,0.0,5.577433315532194e-05,4.7049998829606904e-05,B_PERIODIC,Greedy,51
0.0,0.11952191235059761,251,0,1.0,0.0,0.0,0.0,1.5686111077056487e-05,2.9024996183579758e-05,B_PERIODIC,EarliestAoI,42
0.0,0.104,250,0,1.0,0.0,0.0,0.0,1.1445019872807174e-05,2.0350002159830183e-05,B_PERIODIC,EarliestAoI,43
0.0,0.10756972111553785,251,0,1.0,0.0,0.0,0.0,1.1652778041371631e-05,1.9145000260323285e-05,B_PERIODIC,EarliestAoI,44
0.0,0.076,250,0,1.0,0.0,0.0,0.0,1.7654980299530543e-05,1.4750003174412996e-05,B_PERIODIC,EarliestAoI,45
0.0,0.096,250,0,1.0,0.0,0.0,0.0,1.0239441989943297e-05,1.909999264171347e-05,B_PERIODIC,EarliestAoI,46
0.0,0.104,250,0,1.0,0.0,0.0,0.0,1.2411154744927716e-05,1.8399994587525725e-05,B_PERIODIC,EarliestAoI,47
0.0,0.1,250,0,1.0,0.0,0.0,0.0,8.811553976353837e-06,1.4199998986441642e-05,B_PERIODIC,EarliestAoI,48
0.0,0.092,250,0,1.0,0.0,0.0,0.0,3.145737060998748e-05,2.1899999410379678e-05,B_PERIODIC,EarliestAoI,49
0.0,0.116,250,0,1.0,0.0,0.0,0.0,1.4429083497512092e-05,2.6350004191044718e-05,B_PERIODIC,EarliestAoI,50
0.0,0.1,250,0,1.0,0.0,0.0,0.0,1.0636652981216808e-05,1.5499994333367795e-05,B_PERIODIC,EarliestAoI,51
0.0,0.3813813813813814,333,0,1.0,0.0,0.0,0.0,2.163323361327604e-05,4.1634996887296434e-05,B_PERIODIC,UCB1,42
0.0,0.328125,320,0,1.0,0.0,0.0,0.0,2.276604370260466e-05,3.640000068116933e-05,B_PERIODIC,UCB1,43
0.0,0.4314868804664723,343,0,1.0,0.0,0.0,0.0,2.1749709218098825e-05,3.895500558428465e-05,B_PERIODIC,UCB1,44
0.0,0.373134328358209,335,0,1.0,0.0,0.0,0.0,2.1900892750723177e-05,3.400000787223689e-05,B_PERIODIC,UCB1,45
0.0,0.46176470588235297,340,0,1.0,0.0,0.0,0.0,3.5329618724404434e-05,5.529999907594174e-05,B_PERIODIC,UCB1,46
0.0,0.3825301204819277,332,0,1.0,0.0,0.0,0.0,0.00011132642635152683,0.0003075799992075188,B_PERIODIC,UCB1,47
0.0,0.3898809523809524,336,0,1.0,0.0,0.0,0.0,0.00017471780422909146,7.265999738592652e-05,B_PERIODIC,UCB1,48
0.0,0.4289940828402367,338,0,1.0,0.0,0.0,0.0,2.8786135833658234e-05,4.984999977750699e-05,B_PERIODIC,UCB1,49
0.0,0.4264705882352941,340,0,1.0,0.0,0.0,0.0,2.7099413678795645e-05,4.92000108351931e-05,B_PERIODIC,UCB1,50
0.0,0.4332344213649852,337,0,1.0,0.0,0.0,0.0,2.827751450240612e-05,5.284499493427574e-05,B_PERIODIC,UCB1,51
0.0,0.33653846153846156,416,0,1.0,0.0,0.0,0.0,0.0002864561148997892,0.0001477000012528151,B_PERIODIC,UCBTuned,42
0.0,0.34688995215311,418,0,1.0,0.0,0.0,0.0,8.954653923587566e-05,0.00016882998897926874,B_PERIODIC,UCBTuned,43
0.0,0.29024390243902437,410,0,1.0,0.0,0.0,0.0,6.713649615477726e-05,0.00013775000115856528,B_PERIODIC,UCBTuned,44
0.0,0.3052109181141439,403,0,1.0,0.0,0.0,0.0,5.8547524711702683e-05,8.609500291640867e-05,B_PERIODIC,UCBTuned,45
0.0,0.39952153110047844,418,0,1.0,0.0,0.0,0.0,0.00012152315038095199,0.00022256000520428512,B_PERIODIC,UCBTuned,46
0.0,0.29683698296836986,411,0,1.0,0.0,0.0,0.0,0.00013590194169065724,0.00014833999448455869,B_PERIODIC,UCBTuned,47
0.0,0.35545023696682465,422,0,1.0,0.0,0.0,0.0,9.124491729935407e-05,0.00011928999592782921,B_PERIODIC,UCBTuned,48
0.0,0.3515439429928741,421,0,1.0,0.0,0.0,0.0,6.287085252810684e-05,0.00010877499953494407,B_PERIODIC,UCBTuned,49
0.0,0.2607594936708861,395,0,1.0,0.0,0.0,0.0,5.3474747424714754e-05,9.997500092140399e-05,B_PERIODIC,UCBTuned,50
0.0,0.4131455399061033,426,0,1.0,0.0,0.0,0.0,9.432669778205062e-05,0.00015546999493381007,B_PERIODIC,UCBTuned,51
0.0,0.442,500,0,1.0,0.0,0.0,0.0,2.955508987910064e-05,4.400000034365803e-05,B_PERIODIC,BayesianUCB,42
0.0,0.432,500,0,1.0,0.0,0.0,0.0,1.988183694102517e-05,3.090000245720148e-05,B_PERIODIC,BayesianUCB,43
0.0,0.428,500,0,1.0,0.0,0.0,0.0,2.24437128286344e-05,2.720000338740647e-05,B_PERIODIC,BayesianUCB,44
0.0,0.424,500,0,1.0,0.0,0.0,0.0,2.4355289184938216e-05,6.310000026132911e-05,B_PERIODIC,BayesianUCB,45
0.0,0.442,500,0,1.0,0.0,0.0,0.0,3.161177592990574e-05,7.019999611657113e-05,B_PERIODIC,BayesianUCB,46
0.0,0.434,500,0,1.0,0.0,0.0,0.0,2.458303342591934e-05,4.1099992813542485e-05,B_PERIODIC,BayesianUCB,47
0.0,0.442,500,0,1.0,0.0,0.0,0.0,1.6237724487141832e-05,2.2599997464567423e-05,B_PERIODIC,BayesianUCB,48
0.0,0.434,500,0,1.0,0.0,0.0,0.0,1.1202594514670382e-05,1.8699996871873736e-05,B_PERIODIC,BayesianUCB,49
0.0,0.428,500,0,1.0,0.0,0.0,0.0,1.0103193601312676e-05,1.930000144056976e-05,B_PERIODIC,BayesianUCB,50
0.0,0.426,500,0,1.0,0.0,0.0,0.0,1.0779241425033563e-05,1.7699989257380366e-05,B_PERIODIC,BayesianUCB,51
0.0,0.09541984732824428,262,11,0.026717557251908396,0.9732824427480916,0.0,0.0,4.8519011800258844e-05,8.491000626236198e-05,B_PERIODIC,ThompsonSampling,42
0.0,0.0916030534351145,262,13,0.026717557251908396,0.9732824427480916,0.0,0.0,5.306654008629488e-05,8.302999631268893e-05,B_PERIODIC,ThompsonSampling,43
0.0,0.06716417910447761,268,9,0.022388059701492536,0.9776119402985075,0.0,0.0,4.304460922583287e-05,7.078000053297728e-05,B_PERIODIC,ThompsonSampling,44
0.0,0.06319702602230483,269,7,0.01486988847583643,0.9851301115241635,0.0,0.0,4.294703712393702e-05,8.118500700220465e-05,B_PERIODIC,ThompsonSampling,45
0.0,0.11363636363636363,264,17,0.03409090909090909,0.9659090909090909,0.0,0.0,6.836150956278631e-05,0.000135840001166798,B_PERIODIC,ThompsonSampling,46
0.0,0.08239700374531835,267,9,0.018726591760299626,0.9812734082397003,0.0,0.0,4.907574578676609e-05,8.254000349552354e-05,B_PERIODIC,ThompsonSampling,47
0.0,0.0749063670411985,267,11,0.026217228464419477,0.9737827715355806,0.0,0.0,5.0780970977667944e-05,6.767000668332899e-05,B_PERIODIC,ThompsonSampling,48
0.0,0.09398496240601503,266,9,0.022556390977443608,0.9774436090225563,0.0,0.0,5.8438576753983756e-05,8.388999849557876e-05,B_PERIODIC,ThompsonSampling,49
0.0,0.08679245283018867,265,9,0.022641509433962263,0.9773584905660377,0.0,0.0,5.349135302056215e-05,8.719999823370017e-05,B_PERIODIC,ThompsonSampling,50
0.0,0.08365019011406843,263,17,0.034220532319391636,0.9657794676806084,0.0,0.0,6.873787898450357e-05,8.599000211688689e-05,B_PERIODIC,ThompsonSampling,51
0.0,0.15648854961832062,262,0,1.0,0.0,0.0,0.0,3.60418228829145e-06,5.389997386373578e-06,C_LOW_SNR,Random,42
0.0,0.18181818181818182,264,0,1.0,0.0,0.0,0.0,3.893961602786802e-06,7.259999983943987e-06,C_LOW_SNR,Random,43
0.0,0.10227272727272728,264,0,1.0,0.0,0.0,0.0,2.588678858647088e-06,3.940000897273416e-06,C_LOW_SNR,Random,44
0.0,0.13076923076923078,260,0,1.0,0.0,0.0,0.0,6.398467870671802e-06,1.030000566970557e-05,C_LOW_SNR,Random,45
0.0,0.19101123595505617,267,0,1.0,0.0,0.0,0.0,2.8865675875437514e-06,4.365004133433102e-06,C_LOW_SNR,Random,46
0.0,0.10646387832699619,263,0,1.0,0.0,0.0,0.0,3.25378774009137e-06,6.469993240898474e-06,C_LOW_SNR,Random,47
0.0,0.149812734082397,267,0,1.0,0.0,0.0,0.0,5.791791164795798e-06,5.529998452402647e-06,C_LOW_SNR,Random,48
0.0,0.125,264,0,1.0,0.0,0.0,0.0,3.3641506957311956e-06,6.279992521740494e-06,C_LOW_SNR,Random,49
0.0,0.10384615384615385,260,0,1.0,0.0,0.0,0.0,2.892720533117395e-06,5.900001269765198e-06,C_LOW_SNR,Random,50
0.0,0.1660377358490566,265,0,1.0,0.0,0.0,0.0,3.362406070144581e-06,7.074999302858487e-06,C_LOW_SNR,Random,51
0.0,0.156,250,0,1.0,0.0,0.0,0.0,1.5302784778029321e-06,2.9000002541579306e-06,C_LOW_SNR,RoundRobin,42
0.0,0.164,250,0,1.0,0.0,0.0,0.0,1.3948212502027058e-06,2.4500041035935283e-06,C_LOW_SNR,RoundRobin,43
0.0,0.128,250,0,1.0,0.0,0.0,0.0,1.37609560218866e-06,2.3500033421441913e-06,C_LOW_SNR,RoundRobin,44
0.0,0.128,250,0,1.0,0.0,0.0,0.0,1.2035854299927495e-06,2.24999530473724e-06,C_LOW_SNR,RoundRobin,45
0.0,0.168,250,0,1.0,0.0,0.0,0.0,1.1446207796086174e-06,1.8999999156221747e-06,C_LOW_SNR,RoundRobin,46
0.0,0.148,250,0,1.0,0.0,0.0,0.0,1.3996025109552292e-06,2.4000037228688598e-06,C_LOW_SNR,RoundRobin,47
0.0,0.156,250,0,1.0,0.0,0.0,0.0,1.6752992124960896e-06,3.25000291923061e-06,C_LOW_SNR,RoundRobin,48
0.0,0.136,250,0,1.0,0.0,0.0,0.0,1.67091665103052e-06,3.249995643272996e-06,C_LOW_SNR,RoundRobin,49
0.0,0.144,250,0,1.0,0.0,0.0,0.0,1.4661359545066062e-06,2.3999964469112456e-06,C_LOW_SNR,RoundRobin,50
0.0,0.16,250,0,1.0,0.0,0.0,0.0,1.1015941288722939e-06,1.7999991541728377e-06,C_LOW_SNR,RoundRobin,51
0.0,0.9919354838709677,496,0,1.0,0.0,0.0,0.0,1.1281891201502855e-05,2.252000849694013e-05,C_LOW_SNR,Greedy,42
0.0,0.9919191919191919,495,0,1.0,0.0,0.0,0.0,1.0823185690359452e-05,2.0974999642930925e-05,C_LOW_SNR,Greedy,43
0.0,1.0,500,0,1.0,0.0,0.0,0.0,1.3170059752453513e-05,2.920000406447798e-05,C_LOW_SNR,Greedy,44
0.0,0.9816700610997964,491,0,1.0,0.0,0.0,0.0,1.918374024482058e-05,2.4285003746626885e-05,C_LOW_SNR,Greedy,45
0.0,0.9878542510121457,494,0,1.0,0.0,0.0,0.0,1.632565658332573e-05,3.392000071471555e-05,C_LOW_SNR,Greedy,46
0.0,0.9979919678714859,498,0,1.0,0.0,0.0,0.0,3.424769543080529e-05,3.646999830380073e-05,C_LOW_SNR,Greedy,47
0.0,0.9919354838709677,496,0,1.0,0.0,0.0,0.0,3.9124547102642236e-05,0.00010210000909864895,C_LOW_SNR,Greedy,48
0.0,0.9878296146044625,493,0,1.0,0.0,0.0,0.0,2.0496760905524225e-05,3.384499577805398e-05,C_LOW_SNR,Greedy,49
0.0,0.9959758551307847,497,0,1.0,0.0,0.0,0.0,2.534779117243499e-05,3.866500119329428e-05,C_LOW_SNR,Greedy,50
0.0,0.98989898989899,495,0,1.0,0.0,0.0,0.0,2.0587298305115603e-05,4.357500802143477e-05,C_LOW_SNR,Greedy,51
0.0,0.20717131474103587,251,0,1.0,0.0,0.0,0.0,1.4733332858350689e-05,3.138500615023075e-05,C_LOW_SNR,EarliestAoI,42
0.0,0.212,250,0,1.0,0.0,0.0,0.0,2.7106772687108037e-05,5.3099996875971556e-05,C_LOW_SNR,EarliestAoI,43
0.0,0.199203187250996,251,0,1.0,0.0,0.0,0.0,1.6197619212713715e-05,4.177999799139797e-05,C_LOW_SNR,EarliestAoI,44
0.0,0.188,250,0,1.0,0.0,0.0,0.0,2.254382533251319e-05,4.669999907491729e-05,C_LOW_SNR,EarliestAoI,45
0.0,0.22,250,0,1.0,0.0,0.0,0.0,1.9718724800611426e-05,4.40500007243827e-05,C_LOW_SNR,EarliestAoI,46
0.0,0.208,250,0,1.0,0.0,0.0,0.0,2.3411952185934314e-05,3.620000643422827e-05,C_LOW_SNR,EarliestAoI,47
0.0,0.224,250,0,1.0,0.0,0.0,0.0,3.7257768716050896e-05,3.905000630766153e-05,C_LOW_SNR,EarliestAoI,48
0.0,0.212,250,0,1.0,0.0,0.0,0.0,1.950597678556059e-05,4.095000622328371e-05,C_LOW_SNR,EarliestAoI,49
0.0,0.204,250,0,1.0,0.0,0.0,0.0,3.4326295191199477e-05,4.334999539423734e-05,C_LOW_SNR,EarliestAoI,50
0.0,0.208,250,0,1.0,0.0,0.0,0.0,3.190318801286315e-05,5.840000812895596e-05,C_LOW_SNR,EarliestAoI,51
0.0,0.7914572864321608,398,0,1.0,0.0,0.0,0.0,6.137518793546401e-05,0.00010609999881125945,C_LOW_SNR,UCB1,42
0.0,0.7980049875311721,401,0,1.0,0.0,0.0,0.0,4.76898007290044e-05,6.67349995637778e-05,C_LOW_SNR,UCB1,43
0.0,0.794044665012407,403,0,1.0,0.0,0.0,0.0,8.801089117498284e-05,0.00018342000039410733,C_LOW_SNR,UCB1,44
0.0,0.7934508816120907,397,0,1.0,0.0,0.0,0.0,6.858140684140089e-05,0.0001546050043543799,C_LOW_SNR,UCB1,45
0.0,0.7774869109947644,382,0,1.0,0.0,0.0,0.0,3.954099191689509e-05,9.955000277841456e-05,C_LOW_SNR,UCB1,46
0.0,0.7955112219451371,401,0,1.0,0.0,0.0,0.0,7.456044768694492e-05,0.00017209500074386597,C_LOW_SNR,UCB1,47
0.0,0.7878787878787878,396,0,1.0,0.0,0.0,0.0,5.12717884125995e-05,0.00010874001018237322,C_LOW_SNR,UCB1,48
0.0,0.7960199004975125,402,0,1.0,0.0,0.0,0.0,0.00011015310150509926,0.0001890600076876578,C_LOW_SNR,UCB1,49
0.0,0.7889447236180904,398,0,1.0,0.0,0.0,0.0,0.00018752255651488303,0.0004352100106189009,C_LOW_SNR,UCB1,50
0.0,0.7893401015228426,394,0,1.0,0.0,0.0,0.0,0.00024949949351876175,0.0007054600049741544,C_LOW_SNR,UCB1,51
0.0,0.9602510460251046,478,0,1.0,0.0,0.0,0.0,8.780897733155592e-05,0.00013555001060012724,C_LOW_SNR,UCBTuned,42
0.0,0.9578059071729957,474,0,1.0,0.0,0.0,0.0,0.00034572884173892244,0.0008450200053630393,C_LOW_SNR,UCBTuned,43
0.0,0.9625,480,0,1.0,0.0,0.0,0.0,0.00026393409577230275,0.0007834999996703118,C_LOW_SNR,UCBTuned,44
0.0,0.96,475,0,1.0,0.0,0.0,0.0,0.00028612626067283487,0.0007912750043033157,C_LOW_SNR,UCBTuned,45
0.0,0.9555084745762712,472,0,1.0,0.0,0.0,0.0,0.00021394904869402823,0.0006365599983837437,C_LOW_SNR,UCBTuned,46
0.0,0.9625,480,0,1.0,0.0,0.0,0.0,0.0001792191272626172,0.00045440001122187823,C_LOW_SNR,UCBTuned,47
0.0,0.9625,480,0,1.0,0.0,0.0,0.0,0.00038009230731192613,0.001362200011499226,C_LOW_SNR,UCBTuned,48
0.0,0.9625,480,0,1.0,0.0,0.0,0.0,0.00034468648636959523,0.0011961999989580363,C_LOW_SNR,UCBTuned,49
0.0,0.9625,480,0,1.0,0.0,0.0,0.0,9.788939708276514e-05,0.0001596000074641779,C_LOW_SNR,UCBTuned,50
0.0,0.96,475,0,1.0,0.0,0.0,0.0,0.00028765083976288545,0.0008320500019181054,C_LOW_SNR,UCBTuned,51
0.0,1.0,500,0,1.0,0.0,0.0,0.0,5.5293213904179086e-05,0.00011269999959040433,C_LOW_SNR,BayesianUCB,42
0.0,1.0,500,0,1.0,0.0,0.0,0.0,3.5075050310004954e-05,8.319999324157834e-05,C_LOW_SNR,BayesianUCB,43
0.0,1.0,500,0,1.0,0.0,0.0,0.0,1.2428942037710991e-05,2.0799998310394585e-05,C_LOW_SNR,BayesianUCB,44
0.0,1.0,500,0,1.0,0.0,0.0,0.0,1.2017963943257557e-05,2.130000211764127e-05,C_LOW_SNR,BayesianUCB,45
0.0,1.0,500,0,1.0,0.0,0.0,0.0,1.0766866400804438e-05,1.8700011423788965e-05,C_LOW_SNR,BayesianUCB,46
0.0,1.0,500,0,1.0,0.0,0.0,0.0,2.4211377423849632e-05,6.880000000819564e-05,C_LOW_SNR,BayesianUCB,47
0.0,1.0,500,0,1.0,0.0,0.0,0.0,5.6472055843107384e-05,0.00014040000678505749,C_LOW_SNR,BayesianUCB,48
0.0,1.0,500,0,1.0,0.0,0.0,0.0,3.724251524080521e-05,7.37999944249168e-05,C_LOW_SNR,BayesianUCB,49
0.0,1.0,500,0,1.0,0.0,0.0,0.0,2.47784429917599e-05,3.099998866673559e-05,C_LOW_SNR,BayesianUCB,50
0.0,1.0,500,0,1.0,0.0,0.0,0.0,3.84688625314799e-05,6.990000838413835e-05,C_LOW_SNR,BayesianUCB,51
0.0,0.8758949880668258,419,68,0.8687350835322196,0.13126491646778043,0.0,0.0,0.00022305666678307934,0.000671615004830528,C_LOW_SNR,ThompsonSampling,42
0.0,0.8937644341801386,433,60,0.8822170900692841,0.11778290993071594,0.0,0.0,0.00027967511518259665,0.0005660700022417584,C_LOW_SNR,ThompsonSampling,43
0.0,0.8457831325301205,415,66,0.8409638554216867,0.15903614457831325,0.0,0.0,9.496105824907248e-05,0.00013972499073133804,C_LOW_SNR,ThompsonSampling,44
0.0,0.8663484486873508,419,62,0.8568019093078759,0.1431980906921241,0.0,0.0,9.447880944381246e-05,0.00013740001013502453,C_LOW_SNR,ThompsonSampling,45
0.0,0.9071925754060325,431,64,0.8909512761020881,0.10904872389791183,0.0,0.0,0.00011994930564132692,0.00020236999189364723,C_LOW_SNR,ThompsonSampling,46
0.0,0.8383084577114428,402,76,0.8308457711442786,0.1691542288557214,0.0,0.0,0.00014510918106761282,0.0002638000063598149,C_LOW_SNR,ThompsonSampling,47
0.0,0.8444444444444444,405,76,0.8395061728395061,0.16049382716049382,0.0,0.0,0.00011938694596268797,0.00027217499882681295,C_LOW_SNR,ThompsonSampling,48
0.0,0.8547619047619047,420,60,0.85,0.15,0.0,0.0,0.00011194275556333505,0.00022669999452773482,C_LOW_SNR,ThompsonSampling,49
0.0,0.85,420,58,0.85,0.15,0.0,0.0,9.557410948544811e-05,0.0001610000035725534,C_LOW_SNR,ThompsonSampling,50
0.0,0.8899297423887588,427,62,0.882903981264637,0.117096018735363,0.0,0.0,0.00013204929907779017,0.00017421499869669767,C_LOW_SNR,ThompsonSampling,51
0.0,0.17938931297709923,262,261,0.5,0.5,0.0,0.0,4.329657841194067e-06,8.390004222746936e-06,D_MULTIMODAL,Random,42
0.0,0.14285714285714285,266,265,0.5,0.5,0.0,0.0,5.6988763063099615e-06,1.0839995229616758e-05,D_MULTIMODAL,Random,43
0.0,0.13793103448275862,261,260,0.49808429118773945,0.5019157088122606,0.0,0.0,4.867938452023473e-06,9.489999501965937e-06,D_MULTIMODAL,Random,44
0.0,0.10943396226415095,265,264,0.4981132075471698,0.5018867924528302,0.0,0.0,4.376315577848486e-06,8.649993105791509e-06,D_MULTIMODAL,Random,45
0.0,0.1553030303030303,264,263,0.5,0.5,0.0,0.0,5.57924553813448e-06,8.559992420487102e-06,D_MULTIMODAL,Random,46
0.0,0.16226415094339622,265,264,0.4981132075471698,0.5018867924528302,0.0,0.0,5.0830826797011426e-06,9.60000033956021e-06,D_MULTIMODAL,Random,47
0.0,0.13793103448275862,261,260,0.49808429118773945,0.5019157088122606,0.0,0.0,6.037022936680418e-06,1.1895003262907265e-05,D_MULTIMODAL,Random,48
0.0,0.12878787878787878,264,263,0.5,0.5,0.0,0.0,6.339244900341585e-06,1.5920004807412616e-05,D_MULTIMODAL,Random,49
0.0,0.1444866920152091,263,262,0.49809885931558934,0.5019011406844106,0.0,0.0,6.036742750879829e-06,1.4879999071126799e-05,D_MULTIMODAL,Random,50
0.0,0.1471698113207547,265,264,0.4981132075471698,0.5018867924528302,0.0,0.0,7.112405684783607e-06,1.994999183807522e-05,D_MULTIMODAL,Random,51
0.0,0.156,250,249,0.5,0.5,0.0,0.0,2.5426289572220932e-06,5.249996320344508e-06,D_MULTIMODAL,RoundRobin,42
0.0,0.164,250,249,0.5,0.5,0.0,0.0,2.086055949719927e-06,3.550005203578621e-06,D_MULTIMODAL,RoundRobin,43
0.0,0.128,250,249,0.5,0.5,0.0,0.0,2.7247010131897143e-06,5.100002454128116e-06,D_MULTIMODAL,RoundRobin,44
0.0,0.128,250,249,0.5,0.5,0.0,0.0,2.6689245077072683e-06,4.699999408330768e-06,D_MULTIMODAL,RoundRobin,45
0.0,0.168,250,249,0.5,0.5,0.0,0.0,3.284462231333809e-06,7.399998139590025e-06,D_MULTIMODAL,RoundRobin,46
0.0,0.148,250,249,0.5,0.5,0.0,0.0,4.305178844518366e-06,8.999995770864189e-06,D_MULTIMODAL,RoundRobin,47
0.0,0.156,250,249,0.5,0.5,0.0,0.0,3.5541828497279568e-06,7.0499954745173454e-06,D_MULTIMODAL,RoundRobin,48
0.0,0.136,250,249,0.5,0.5,0.0,0.0,3.947808794061323e-06,1.0150004527531564e-05,D_MULTIMODAL,RoundRobin,49
0.0,0.144,250,249,0.5,0.5,0.0,0.0,3.180478419366467e-06,6.3499974203296006e-06,D_MULTIMODAL,RoundRobin,50
0.0,0.16,250,249,0.5,0.5,0.0,0.0,2.880477758339677e-06,6.599999323952943e-06,D_MULTIMODAL,RoundRobin,51
0.0,0.9919354838709677,496,495,0.5,0.5,0.0,0.0,3.1528169168833964e-05,5.509999464266e-05,D_MULTIMODAL,Greedy,42
0.0,0.9919191919191919,495,494,0.498989898989899,0.501010101010101,0.0,0.0,2.134213739355478e-05,3.587499668356031e-05,D_MULTIMODAL,Greedy,43
0.0,1.0,500,499,0.5,0.5,0.0,0.0,3.039820414610921e-05,5.529999907594174e-05,D_MULTIMODAL,Greedy,44
0.0,0.9775967413441955,491,490,0.4989816700610998,0.5010183299389002,0.0,0.0,2.775589435747484e-05,4.8789993161335585e-05,D_MULTIMODAL,Greedy,45
0.0,0.9878542510121457,494,493,0.5,0.5,0.0,0.0,4.6666464833025305e-05,9.242000523954628e-05,D_MULTIMODAL,Greedy,46
0.0,0.9979919678714859,498,497,0.5,0.5,0.0,0.0,6.161703379826625e-05,3.807999892160294e-05,D_MULTIMODAL,Greedy,47
0.0,0.9919678714859438,498,497,0.5,0.5,0.0,0.0,3.841082171330747e-05,6.414000672521069e-05,D_MULTIMODAL,Greedy,48
0.0,0.9878296146044625,493,492,0.49898580121703856,0.5010141987829615,0.0,0.0,3.492145745841568e-05,4.257000400684773e-05,D_MULTIMODAL,Greedy,49
0.0,0.9959758551307847,497,496,0.49899396378269617,0.5010060362173038,0.0,0.0,3.9254417791392235e-05,3.88600026781205e-05,D_MULTIMODAL,Greedy,50
0.0,0.9899396378269618,497,496,0.49899396378269617,0.5010060362173038,0.0,0.0,1.7821686749110918e-05,3.240999940317121e-05,D_MULTIMODAL,Greedy,51
0.0,0.24701195219123506,251,250,0.49800796812749004,0.50199203187251,0.0,0.0,2.2151984012452886e-05,4.012999343103728e-05,D_MULTIMODAL,EarliestAoI,42
0.0,0.212,250,249,0.5,0.5,0.0,0.0,5.3446612829171804e-05,5.299999611452222e-05,D_MULTIMODAL,EarliestAoI,43
0.0,0.22310756972111553,251,250,0.49800796812749004,0.50199203187251,0.0,0.0,4.57249997929293e-05,5.690500911441617e-05,D_MULTIMODAL,EarliestAoI,44
0.0,0.212,250,249,0.5,0.5,0.0,0.0,2.8014342651695042e-05,3.3050004276447e-05,D_MULTIMODAL,EarliestAoI,45
0.0,0.24,250,249,0.5,0.5,0.0,0.0,4.134701116871371e-05,0.0001109000004362315,D_MULTIMODAL,EarliestAoI,46
0.0,0.236,250,249,0.5,0.5,0.0,0.0,2.306932252989451e-05,4.3249994632788e-05,D_MULTIMODAL,EarliestAoI,47
0.0,0.244,250,249,0.5,0.5,0.0,0.0,2.5978087008359333e-05,4.159999662078917e-05,D_MULTIMODAL,EarliestAoI,48
0.0,0.232,250,249,0.5,0.5,0.0,0.0,4.593745027984162e-05,4.9299997044727206e-05,D_MULTIMODAL,EarliestAoI,49
0.0,0.232,250,249,0.5,0.5,0.0,0.0,1.7351394069781788e-05,2.7499998395796865e-05,D_MULTIMODAL,EarliestAoI,50
0.0,0.24,250,249,0.5,0.5,0.0,0.0,1.744860573347094e-05,3.0800001695752144e-05,D_MULTIMODAL,EarliestAoI,51
0.0,0.7914572864321608,398,397,0.5,0.5,0.0,0.0,3.500801972393647e-05,5.8839996927417765e-05,D_MULTIMODAL,UCB1,42
0.0,0.7980049875311721,401,400,0.49875311720698257,0.5012468827930174,0.0,0.0,6.542313417978122e-05,0.00011006999557139349,D_MULTIMODAL,UCB1,43
0.0,0.794044665012407,403,402,0.4987593052109181,0.5012406947890818,0.0,0.0,6.837128729433845e-05,0.00010547499259700986,D_MULTIMODAL,UCB1,44
0.0,0.7934508816120907,397,396,0.4987405541561713,0.5012594458438288,0.0,0.0,4.769346717570735e-05,0.00010357500068494113,D_MULTIMODAL,UCB1,45
0.0,0.7774869109947644,382,381,0.5,0.5,0.0,0.0,4.21297652118015e-05,6.425999599741769e-05,D_MULTIMODAL,UCB1,46
0.0,0.7955112219451371,401,400,0.49875311720698257,0.5012468827930174,0.0,0.0,3.7812935541712895e-05,5.310999840730799e-05,D_MULTIMODAL,UCB1,47
0.0,0.7878787878787878,396,395,0.5,0.5,0.0,0.0,4.3743324755768404e-05,8.585999894421548e-05,D_MULTIMODAL,UCB1,48
0.0,0.7960199004975125,402,401,0.5,0.5,0.0,0.0,3.56287840192227e-05,6.015999679220833e-05,D_MULTIMODAL,UCB1,49
0.0,0.7889447236180904,398,397,0.5,0.5,0.0,0.0,7.373458659305543e-05,0.00015568000380881118,D_MULTIMODAL,UCB1,50
0.0,0.7893401015228426,394,393,0.5,0.5,0.0,0.0,7.358734213004384e-05,0.00014418999780900756,D_MULTIMODAL,UCB1,51
0.0,0.9602510460251046,478,477,0.5,0.5,0.0,0.0,0.00010625887225918659,0.00017458000220358367,D_MULTIMODAL,UCBTuned,42
0.0,0.9578059071729957,474,473,0.5,0.5,0.0,0.0,4.902273710621031e-05,0.00011960999981965849,D_MULTIMODAL,UCBTuned,43
0.0,0.9625,480,479,0.5,0.5,0.0,0.0,3.927401234923422e-05,6.460001168306917e-05,D_MULTIMODAL,UCBTuned,44
0.0,0.96,475,474,0.49894736842105264,0.5010526315789474,0.0,0.0,4.565126045916167e-05,7.65249969845172e-05,D_MULTIMODAL,UCBTuned,45
0.0,0.9555084745762712,472,471,0.5,0.5,0.0,0.0,5.26167014978007e-05,9.364000288769599e-05,D_MULTIMODAL,UCBTuned,46
0.0,0.9625,480,479,0.5,0.5,0.0,0.0,6.701372131335466e-05,9.329999738838524e-05,D_MULTIMODAL,UCBTuned,47
0.0,0.9625,480,479,0.5,0.5,0.0,0.0,7.519209979507653e-05,0.0001336999994236976,D_MULTIMODAL,UCBTuned,48
0.0,0.9625,480,479,0.5,0.5,0.0,0.0,5.6433264023804427e-05,7.270000060088933e-05,D_MULTIMODAL,UCBTuned,49
0.0,0.9625,480,479,0.5,0.5,0.0,0.0,5.2873180892847075e-05,9.370000043418258e-05,D_MULTIMODAL,UCBTuned,50
0.0,0.96,475,474,0.49894736842105264,0.5010526315789474,0.0,0.0,4.919936990892679e-05,8.339999476447701e-05,D_MULTIMODAL,UCBTuned,51
0.0,1.0,500,499,0.5,0.5,0.0,0.0,1.3614171628418292e-05,2.2299995180219412e-05,D_MULTIMODAL,BayesianUCB,42
0.0,1.0,500,499,0.5,0.5,0.0,0.0,1.708662637905357e-05,2.570000651758164e-05,D_MULTIMODAL,BayesianUCB,43
0.0,1.0,500,499,0.5,0.5,0.0,0.0,1.1894411618631712e-05,2.130000211764127e-05,D_MULTIMODAL,BayesianUCB,44
0.0,1.0,500,499,0.5,0.5,0.0,0.0,1.3399999967484388e-05,1.9800005247816443e-05,D_MULTIMODAL,BayesianUCB,45
0.0,1.0,500,499,0.5,0.5,0.0,0.0,1.4808383410584605e-05,1.9699989934451878e-05,D_MULTIMODAL,BayesianUCB,46
0.0,1.0,500,499,0.5,0.5,0.0,0.0,1.5106986184091403e-05,2.300000051036477e-05,D_MULTIMODAL,BayesianUCB,47
0.0,1.0,500,499,0.5,0.5,0.0,0.0,1.4024750373006506e-05,2.0399995264597237e-05,D_MULTIMODAL,BayesianUCB,48
0.0,1.0,500,499,0.5,0.5,0.0,0.0,1.478243467352444e-05,2.8800001018680632e-05,D_MULTIMODAL,BayesianUCB,49
0.0,1.0,500,499,0.5,0.5,0.0,0.0,1.2766866438869691e-05,1.7699989257380366e-05,D_MULTIMODAL,BayesianUCB,50
0.0,1.0,500,499,0.5,0.5,0.0,0.0,1.3808981632114855e-05,1.9799990695901215e-05,D_MULTIMODAL,BayesianUCB,51
0.0,0.8758949880668258,419,418,0.4988066825775656,0.5011933174224343,0.0,0.0,4.537857177118505e-05,6.850499776192009e-05,D_MULTIMODAL,ThompsonSampling,42
0.0,0.8937644341801386,433,432,0.49884526558891457,0.5011547344110855,0.0,0.0,4.2664055697231505e-05,6.850999779999254e-05,D_MULTIMODAL,ThompsonSampling,43
0.0,0.8457831325301205,415,414,0.4987951807228916,0.5012048192771085,0.0,0.0,4.301850951658427e-05,8.050000906223431e-05,D_MULTIMODAL,ThompsonSampling,44
0.0,0.8663484486873508,419,418,0.4988066825775656,0.5011933174224343,0.0,0.0,5.079333277535625e-05,6.505999772343752e-05,D_MULTIMODAL,ThompsonSampling,45
0.0,0.9071925754060325,431,430,0.4988399071925754,0.5011600928074246,0.0,0.0,4.5220833339111845e-05,7.719500063103618e-05,D_MULTIMODAL,ThompsonSampling,46
0.0,0.8383084577114428,402,401,0.5,0.5,0.0,0.0,6.49414393703035e-05,0.00015656001050956507,D_MULTIMODAL,ThompsonSampling,47
0.0,0.8444444444444444,405,404,0.49876543209876545,0.5012345679012346,0.0,0.0,0.0001638716754412939,0.00046887500866432674,D_MULTIMODAL,ThompsonSampling,48
0.0,0.8547619047619047,420,419,0.5,0.5,0.0,0.0,8.847054640619823e-05,0.00014370000280905515,D_MULTIMODAL,ThompsonSampling,49
0.0,0.85,420,419,0.5,0.5,0.0,0.0,7.79817099342866e-05,0.00015729998995084316,D_MULTIMODAL,ThompsonSampling,50
0.0,0.8899297423887588,427,426,0.49882903981264637,0.5011709601873536,0.0,0.0,6.326378492320775e-05,0.00011326500389259308,D_MULTIMODAL,ThompsonSampling,51
0.0,0.09398496240601503,266,0,1.0,0.0,0.0,0.0,2.6516847649052014e-06,4.310003714635965e-06,E_TEMPORAL,Random,42
0.0,0.08846153846153847,260,0,1.0,0.0,0.0,0.0,2.4934864528941067e-06,3.9000005926936865e-06,E_TEMPORAL,Random,43
0.0,0.07196969696969698,264,0,1.0,0.0,0.0,0.0,3.5913206443612305e-06,7.200008258223525e-06,E_TEMPORAL,Random,44
0.0,0.07279693486590039,261,0,1.0,0.0,0.0,0.0,2.793129933429242e-06,4.79500668006949e-06,E_TEMPORAL,Random,45
0.0,0.12643678160919541,261,0,1.0,0.0,0.0,0.0,2.574809048882906e-06,4.294989776099099e-06,E_TEMPORAL,Random,46
0.0,0.08646616541353383,266,0,1.0,0.0,0.0,0.0,5.97977470554244e-06,4.709992208518085e-06,E_TEMPORAL,Random,47
0.0,0.0888030888030888,259,0,1.0,0.0,0.0,0.0,2.7019231660793033e-06,4.405003710417075e-06,E_TEMPORAL,Random,48
0.0,0.08396946564885496,262,0,1.0,0.0,0.0,0.0,2.50722477947337e-06,4.879994958173479e-06,E_TEMPORAL,Random,49
0.0,0.08015267175572519,262,0,1.0,0.0,0.0,0.0,5.359695794967361e-06,4.59000584669411e-06,E_TEMPORAL,Random,50
0.0,0.10465116279069768,258,0,1.0,0.0,0.0,0.0,5.644015214067945e-06,3.719999222084879e-06,E_TEMPORAL,Random,51
0.0,0.092,250,0,1.0,0.0,0.0,0.0,1.219920505606291e-06,2.0500010577961802e-06,E_TEMPORAL,RoundRobin,42
0.0,0.1,250,0,1.0,0.0,0.0,0.0,1.3254982450850812e-06,1.8999999156221747e-06,E_TEMPORAL,RoundRobin,43
0.0,0.068,250,0,1.0,0.0,0.0,0.0,1.299202644388633e-06,2.24999530473724e-06,E_TEMPORAL,RoundRobin,44
0.0,0.064,250,0,1.0,0.0,0.0,0.0,1.1243027694285866e-06,1.7499987734481692e-06,E_TEMPORAL,RoundRobin,45
0.0,0.104,250,0,1.0,0.0,0.0,0.0,1.20478129595058e-06,2.2000021999701858e-06,E_TEMPORAL,RoundRobin,46
0.0,0.088,250,0,1.0,0.0,0.0,0.0,1.1326685553394346e-06,2.0000006770715117e-06,E_TEMPORAL,RoundRobin,47
0.0,0.096,250,0,1.0,0.0,0.0,0.0,1.9354577731912532e-06,1.600004907231778e-06,E_TEMPORAL,RoundRobin,48
0.0,0.076,250,0,1.0,0.0,0.0,0.0,1.1266927620715118e-06,2.0000006770715117e-06,E_TEMPORAL,RoundRobin,49
0.0,0.08,250,0,1.0,0.0,0.0,0.0,6.3099597967545175e-06,6.70000008540228e-06,E_TEMPORAL,RoundRobin,50
0.0,0.096,250,0,1.0,0.0,0.0,0.0,3.643425745496237e-06,5.450005119200796e-06,E_TEMPORAL,RoundRobin,51
0.0,0.4254032258064516,496,0,1.0,0.0,0.0,0.0,1.253682037958804e-05,2.0359994960017498e-05,E_TEMPORAL,Greedy,42
0.0,0.4121212121212121,495,0,1.0,0.0,0.0,0.0,1.668366979673362e-05,2.4174994905479252e-05,E_TEMPORAL,Greedy,43
0.0,0.428,500,0,1.0,0.0,0.0,0.0,1.5981237599468175e-05,2.1899992134422064e-05,E_TEMPORAL,Greedy,44
0.0,0.40122199592668023,491,0,1.0,0.0,0.0,0.0,1.2424593574624902e-05,2.5000001187436283e-05,E_TEMPORAL,Greedy,45
0.0,0.4190283400809717,494,0,1.0,0.0,0.0,0.0,1.1421212011647194e-05,2.0420005603227745e-05,E_TEMPORAL,Greedy,46
0.0,0.42771084337349397,498,0,1.0,0.0,0.0,0.0,2.1737474945368233e-05,3.224999818485228e-05,E_TEMPORAL,Greedy,47
0.0,0.4213709677419355,496,0,1.0,0.0,0.0,0.0,1.72939633876104e-05,2.7900005807168776e-05,E_TEMPORAL,Greedy,48
0.0,0.4178498985801217,493,0,1.0,0.0,0.0,0.0,1.1438056375305375e-05,2.243999624624847e-05,E_TEMPORAL,Greedy,49
0.0,0.41448692152917505,497,0,1.0,0.0,0.0,0.0,1.5204417847478425e-05,2.005000496865248e-05,E_TEMPORAL,Greedy,50
0.0,0.4121212121212121,495,0,1.0,0.0,0.0,0.0,1.0561491997636509e-05,1.8749997252598405e-05,E_TEMPORAL,Greedy,51
0.0,0.11553784860557768,251,0,1.0,0.0,0.0,0.0,1.2558333505044825e-05,2.179000584874302e-05,E_TEMPORAL,EarliestAoI,42
0.0,0.124,250,0,1.0,0.0,0.0,0.0,1.826812803051416e-05,2.7050002245232463e-05,E_TEMPORAL,EarliestAoI,43
0.0,0.099601593625498,251,0,1.0,0.0,0.0,0.0,1.4388889198132332e-05,2.63349968008697e-05,E_TEMPORAL,EarliestAoI,44
0.0,0.088,250,0,1.0,0.0,0.0,0.0,1.0165736945141922e-05,1.8450002244208008e-05,E_TEMPORAL,EarliestAoI,45
0.0,0.128,250,0,1.0,0.0,0.0,0.0,9.53426296114031e-06,1.8149999959859997e-05,E_TEMPORAL,EarliestAoI,46
0.0,0.112,250,0,1.0,0.0,0.0,0.0,9.527888758464222e-06,1.7350001144222915e-05,E_TEMPORAL,EarliestAoI,47
0.0,0.124,250,0,1.0,0.0,0.0,0.0,1.0713147181754124e-05,2.1200001356191933e-05,E_TEMPORAL,EarliestAoI,48
0.0,0.112,250,0,1.0,0.0,0.0,0.0,1.1099601930667799e-05,1.7949998436961323e-05,E_TEMPORAL,EarliestAoI,49
0.0,0.112,250,0,1.0,0.0,0.0,0.0,1.0600398710661705e-05,1.8099992303177714e-05,E_TEMPORAL,EarliestAoI,50
0.0,0.116,250,0,1.0,0.0,0.0,0.0,1.226294783650864e-05,2.099999983329326e-05,E_TEMPORAL,EarliestAoI,51
0.0,0.29260450160771706,311,0,1.0,0.0,0.0,0.0,2.4883973963322857e-05,4.775000779773108e-05,E_TEMPORAL,UCB1,42
0.0,0.29449838187702265,309,0,1.0,0.0,0.0,0.0,2.5392580503267387e-05,4.092999806744047e-05,E_TEMPORAL,UCB1,43
0.0,0.28115015974440893,313,0,1.0,0.0,0.0,0.0,2.4098089006714595e-05,4.34549961937591e-05,E_TEMPORAL,UCB1,44
0.0,0.28104575163398693,306,0,1.0,0.0,0.0,0.0,2.6306514749576485e-05,4.8599996080156406e-05,E_TEMPORAL,UCB1,45
0.0,0.2773972602739726,292,0,1.0,0.0,0.0,0.0,2.7087372109856546e-05,4.2840000241994836e-05,E_TEMPORAL,UCB1,46
0.0,0.28753993610223644,313,0,1.0,0.0,0.0,0.0,2.1651273904365314e-05,3.902500102412882e-05,E_TEMPORAL,UCB1,47
0.0,0.2958199356913183,311,0,1.0,0.0,0.0,0.0,2.829487157913928e-05,3.924499324057251e-05,E_TEMPORAL,UCB1,48
0.0,0.3,310,0,1.0,0.0,0.0,0.0,2.121929289103812e-05,3.825000021606684e-05,E_TEMPORAL,UCB1,49
0.0,0.29411764705882354,306,0,1.0,0.0,0.0,0.0,4.0273615523129216e-05,0.000102999997034203,E_TEMPORAL,UCB1,50
0.0,0.28,300,0,1.0,0.0,0.0,0.0,3.2661794518519726e-05,6.380000559147447e-05,E_TEMPORAL,UCB1,51
0.0,0.4135514018691589,428,0,1.0,0.0,0.0,0.0,3.656083862443774e-05,5.9999999939464034e-05,E_TEMPORAL,UCBTuned,42
0.0,0.40476190476190477,420,0,1.0,0.0,0.0,0.0,5.625534392456411e-05,0.00011310000263620168,E_TEMPORAL,UCBTuned,43
0.0,0.4013761467889908,436,0,1.0,0.0,0.0,0.0,9.736979409020812e-05,0.00016073999868240204,E_TEMPORAL,UCBTuned,44
0.0,0.40375586854460094,426,0,1.0,0.0,0.0,0.0,6.275620601582722e-05,0.00013068999978713686,E_TEMPORAL,UCBTuned,45
0.0,0.4223300970873786,412,0,1.0,0.0,0.0,0.0,0.00015857723956199285,0.00020399999630171806,E_TEMPORAL,UCBTuned,46
0.0,0.39545454545454545,440,0,1.0,0.0,0.0,0.0,0.0002621365083149759,0.00041039999632630497,E_TEMPORAL,UCBTuned,47
0.0,0.4055299539170507,434,0,1.0,0.0,0.0,0.0,0.00016254758574041784,0.0002761300085694527,E_TEMPORAL,UCBTuned,48
0.0,0.4064665127020785,433,0,1.0,0.0,0.0,0.0,0.000130428802176413,0.00028638000221690155,E_TEMPORAL,UCBTuned,49
0.0,0.3835616438356164,438,0,1.0,0.0,0.0,0.0,0.00012336195846181575,0.00024633999710204073,E_TEMPORAL,UCBTuned,50
0.0,0.3981264637002342,427,0,1.0,0.0,0.0,0.0,0.0001378434581821349,0.00018827500825864245,E_TEMPORAL,UCBTuned,51
0.0,0.438,500,0,1.0,0.0,0.0,0.0,3.395009968994918e-05,4.360001184977591e-05,E_TEMPORAL,BayesianUCB,42
0.0,0.428,500,0,1.0,0.0,0.0,0.0,2.6117964303111676e-05,3.949999518226832e-05,E_TEMPORAL,BayesianUCB,43
0.0,0.428,500,0,1.0,0.0,0.0,0.0,2.1588622974399142e-05,3.409999771974981e-05,E_TEMPORAL,BayesianUCB,44
0.0,0.43,500,0,1.0,0.0,0.0,0.0,2.4720359094740224e-05,3.840000135824084e-05,E_TEMPORAL,BayesianUCB,45
0.0,0.442,500,0,1.0,0.0,0.0,0.0,4.342375213964405e-05,5.2700008382089436e-05,E_TEMPORAL,BayesianUCB,46
0.0,0.432,500,0,1.0,0.0,0.0,0.0,3.363033927402677e-05,7.989999721758068e-05,E_TEMPORAL,BayesianUCB,47
0.0,0.432,500,0,1.0,0.0,0.0,0.0,3.362914206675754e-05,5.3100011427886784e-05,E_TEMPORAL,BayesianUCB,48
0.0,0.436,500,0,1.0,0.0,0.0,0.0,1.0667665123320491e-05,1.999999221879989e-05,E_TEMPORAL,BayesianUCB,49
0.0,0.424,500,0,1.0,0.0,0.0,0.0,1.186586779002249e-05,2.0800012862309813e-05,E_TEMPORAL,BayesianUCB,50
0.0,0.428,500,0,1.0,0.0,0.0,0.0,9.810578926399484e-06,1.5599987818859518e-05,E_TEMPORAL,BayesianUCB,51
0.0,0.3432343234323432,303,79,0.38283828382838286,0.6171617161716172,0.0,0.0,4.304473656559008e-05,6.952500552870332e-05,E_TEMPORAL,ThompsonSampling,42
0.0,0.3774193548387097,310,83,0.4161290322580645,0.5838709677419355,0.0,0.0,6.282861757023302e-05,9.994999709306285e-05,E_TEMPORAL,ThompsonSampling,43
0.0,0.2745762711864407,295,77,0.33559322033898303,0.6644067796610169,0.0,0.0,0.00010143378396507517,0.00022132500453153625,E_TEMPORAL,ThompsonSampling,44
0.0,0.31864406779661014,295,77,0.3694915254237288,0.6305084745762712,0.0,0.0,0.00010324391897066144,0.0002062499988824129,E_TEMPORAL,ThompsonSampling,45
0.0,0.410828025477707,314,79,0.46178343949044587,0.5382165605095541,0.0,0.0,8.821142860503483e-05,0.00018083000904880464,E_TEMPORAL,ThompsonSampling,46
0.0,0.2881944444444444,288,87,0.34375,0.65625,0.0,0.0,9.730588219766617e-05,0.0001788600056897841,E_TEMPORAL,ThompsonSampling,47
0.0,0.2920962199312715,291,83,0.31958762886597936,0.6804123711340206,0.0,0.0,6.808767095008827e-05,0.0001192650022858287,E_TEMPORAL,ThompsonSampling,48
0.0,0.32558139534883723,301,75,0.3853820598006645,0.6146179401993356,0.0,0.0,7.762847659455624e-05,0.00011943999634240743,E_TEMPORAL,ThompsonSampling,49
0.0,0.33114754098360655,305,71,0.40327868852459015,0.5967213114754099,0.0,0.0,0.00010241568659194836,0.00015617500685038976,E_TEMPORAL,ThompsonSampling,50
0.0,0.375,312,81,0.4358974358974359,0.5641025641025641,0.0,0.0,6.513226848540489e-05,0.00011627999483607698,E_TEMPORAL,ThompsonSampling,51
0.0,0.12878787878787878,264,0,1.0,0.0,0.0,0.0,8.22528288480035e-06,1.0279993875883502e-05,F_CONGESTED,Random,42
0.0,0.16091954022988506,261,0,1.0,0.0,0.0,0.0,3.229770980480319e-06,5.484998837346208e-06,F_CONGESTED,Random,43
0.0,0.14068441064638784,263,0,1.0,0.0,0.0,0.0,2.8106057994371056e-06,5.599998985417187e-06,F_CONGESTED,Random,44
0.0,0.09090909090909091,264,0,1.0,0.0,0.0,0.0,2.6260372492888906e-06,4.300000728107989e-06,F_CONGESTED,Random,45
0.0,0.1520912547528517,263,0,1.0,0.0,0.0,0.0,6.806439683493933e-06,6.270004087127744e-06,F_CONGESTED,Random,46
0.0,0.14015151515151514,264,0,1.0,0.0,0.0,0.0,3.2196227759825732e-06,6.939997547306115e-06,F_CONGESTED,Random,47
0.0,0.14942528735632185,261,0,1.0,0.0,0.0,0.0,2.6900762134899902e-06,4.694992821896447e-06,F_CONGESTED,Random,48
0.0,0.12167300380228137,263,0,1.0,0.0,0.0,0.0,2.6170453731372785e-06,5.369997234083711e-06,F_CONGESTED,Random,49
0.0,0.1198501872659176,267,0,1.0,0.0,0.0,0.0,3.7458955389343257e-06,6.2650040490552764e-06,F_CONGESTED,Random,50
0.0,0.1482889733840304,263,0,1.0,0.0,0.0,0.0,4.0261363182887155e-06,7.354999979725106e-06,F_CONGESTED,Random,51
0.0,0.148,250,0,1.0,0.0,0.0,0.0,1.6760953935790822e-06,3.5999983083456755e-06,F_CONGESTED,RoundRobin,42
0.0,0.156,250,0,1.0,0.0,0.0,0.0,1.4003986920382218e-06,2.800006768666208e-06,F_CONGESTED,RoundRobin,43
0.0,0.12,250,0,1.0,0.0,0.0,0.0,1.3354581324346513e-06,2.7000060072168708e-06,F_CONGESTED,RoundRobin,44
0.0,0.12,250,0,1.0,0.0,0.0,0.0,1.3039840790684302e-06,2.5000044843181968e-06,F_CONGESTED,RoundRobin,45
0.0,0.16,250,0,1.0,0.0,0.0,0.0,1.1820716118306455e-06,1.6999983927235007e-06,F_CONGESTED,RoundRobin,46
0.0,0.14,250,0,1.0,0.0,0.0,0.0,1.1964138867185114e-06,2.1000014385208488e-06,F_CONGESTED,RoundRobin,47
0.0,0.148,250,0,1.0,0.0,0.0,0.0,1.5019923374353652e-06,2.8999929782003164e-06,F_CONGESTED,RoundRobin,48
0.0,0.128,250,0,1.0,0.0,0.0,0.0,1.1613543226060818e-06,2.1000014385208488e-06,F_CONGESTED,RoundRobin,49
0.0,0.136,250,0,1.0,0.0,0.0,0.0,1.636254626689887e-06,2.9500079108402133e-06,F_CONGESTED,RoundRobin,50
0.0,0.152,250,0,1.0,0.0,0.0,0.0,1.3573699541746145e-06,2.2000021999701858e-06,F_CONGESTED,RoundRobin,51
0.0,0.8382978723404255,470,0,1.0,0.0,0.0,0.0,1.241210219054829e-05,2.204999327659607e-05,F_CONGESTED,Greedy,42
0.0,0.8757763975155279,483,0,1.0,0.0,0.0,0.0,1.5580991405968686e-05,2.4470009520882734e-05,F_CONGESTED,Greedy,43
0.0,0.87,500,0,1.0,0.0,0.0,0.0,1.2992015704484712e-05,2.19999928958714e-05,F_CONGESTED,Greedy,44
0.0,0.7695852534562212,434,0,1.0,0.0,0.0,0.0,1.1085057611063379e-05,1.8549995729699707e-05,F_CONGESTED,Greedy,45
0.0,0.7680180180180181,444,0,1.0,0.0,0.0,0.0,2.7581124195012817e-05,6.294000195339311e-05,F_CONGESTED,Greedy,46
0.0,0.8752556237218814,489,0,1.0,0.0,0.0,0.0,2.7696735211362948e-05,9.140999754890798e-05,F_CONGESTED,Greedy,47
0.0,0.8645833333333334,480,0,1.0,0.0,0.0,0.0,1.6275467605208066e-05,2.920000406447798e-05,F_CONGESTED,Greedy,48
0.0,0.8159645232815964,451,0,1.0,0.0,0.0,0.0,1.312367346619907e-05,2.3544990108348428e-05,F_CONGESTED,Greedy,49
0.0,0.875,488,0,1.0,0.0,0.0,0.0,1.4182208169009803e-05,3.139999171253292e-05,F_CONGESTED,Greedy,50
0.0,0.8718487394957983,476,0,1.0,0.0,0.0,0.0,0.0001136888889620272,0.00031056000443641096,F_CONGESTED,Greedy,51
0.0,0.18725099601593626,251,0,1.0,0.0,0.0,0.0,6.70781748397978e-05,0.0001725299996905957,F_CONGESTED,EarliestAoI,42
0.0,0.2,250,0,1.0,0.0,0.0,0.0,3.509004005514813e-05,5.7799996284302324e-05,F_CONGESTED,EarliestAoI,43
0.0,0.18725099601593626,251,0,1.0,0.0,0.0,0.0,0.00012071745974632601,0.00022395999985747004,F_CONGESTED,EarliestAoI,44
0.0,0.152,250,0,1.0,0.0,0.0,0.0,0.00015132071755768963,0.00016265000886050984,F_CONGESTED,EarliestAoI,45
0.0,0.196,250,0,1.0,0.0,0.0,0.0,8.329322759434951e-05,0.00021580000611720607,F_CONGESTED,EarliestAoI,46
0.0,0.192,250,0,1.0,0.0,0.0,0.0,3.183625482646118e-05,6.51500013191253e-05,F_CONGESTED,EarliestAoI,47
0.0,0.196,250,0,1.0,0.0,0.0,0.0,3.909760997055536e-05,7.520000508520752e-05,F_CONGESTED,EarliestAoI,48
0.0,0.188,250,0,1.0,0.0,0.0,0.0,4.889282871703747e-05,8.659999730298296e-05,F_CONGESTED,EarliestAoI,49
0.0,0.188,250,0,1.0,0.0,0.0,0.0,0.00016525298846557188,0.0004141000099480152,F_CONGESTED,EarliestAoI,50
0.0,0.188,250,0,1.0,0.0,0.0,0.0,4.967808809485732e-05,8.990000787889585e-05,F_CONGESTED,EarliestAoI,51
0.0,0.7270408163265306,392,0,1.0,0.0,0.0,0.0,9.081450434793829e-05,0.00016307999612763502,F_CONGESTED,UCB1,42
0.0,0.7176165803108808,386,0,1.0,0.0,0.0,0.0,0.00012778682197752176,0.00020925000135321167,F_CONGESTED,UCB1,43
0.0,0.7244897959183674,392,0,1.0,0.0,0.0,0.0,0.00039015572543881605,0.0005838600016431874,F_CONGESTED,UCB1,44
0.0,0.7263427109974424,391,0,1.0,0.0,0.0,0.0,0.0001550244892592784,0.0005046399986895266,F_CONGESTED,UCB1,45
0.0,0.7127937336814621,383,0,1.0,0.0,0.0,0.0,0.00013035234330042536,0.0003174049910739994,F_CONGESTED,UCB1,46
0.0,0.7142857142857143,385,0,1.0,0.0,0.0,0.0,0.00014118937878185458,0.00018895000175689347,F_CONGESTED,UCB1,47
0.0,0.7323232323232324,396,0,1.0,0.0,0.0,0.0,8.807556654716037e-05,0.0001559800060931593,F_CONGESTED,UCB1,48
0.0,0.7007672634271099,391,0,1.0,0.0,0.0,0.0,6.1001020500897333e-05,7.799000522936692e-05,F_CONGESTED,UCB1,49
0.0,0.7323232323232324,396,0,1.0,0.0,0.0,0.0,8.838488645581834e-05,0.0001505399937741457,F_CONGESTED,UCB1,50
0.0,0.7112860892388452,381,0,1.0,0.0,0.0,0.0,6.525314148486207e-05,9.749998789629894e-05,F_CONGESTED,UCB1,51
0.0,0.8574468085106383,470,0,1.0,0.0,0.0,0.0,7.388917155832748e-05,0.00011464999988675117,F_CONGESTED,UCBTuned,42
0.0,0.8583690987124464,466,0,1.0,0.0,0.0,0.0,0.00011578436820130652,0.00019607000285759563,F_CONGESTED,UCBTuned,43
0.0,0.8617021276595744,470,0,1.0,0.0,0.0,0.0,0.00010571146559740383,0.000210599995625671,F_CONGESTED,UCBTuned,44
0.0,0.8562231759656652,466,0,1.0,0.0,0.0,0.0,8.143725864438647e-05,0.0001731799988192506,F_CONGESTED,UCBTuned,45
0.0,0.879746835443038,474,0,1.0,0.0,0.0,0.0,6.929326263305388e-05,0.00011274000571575008,F_CONGESTED,UCBTuned,46
0.0,0.8574468085106383,470,0,1.0,0.0,0.0,0.0,9.477855622839585e-05,0.0001808500019251369,F_CONGESTED,UCBTuned,47
0.0,0.8595744680851064,470,0,1.0,0.0,0.0,0.0,9.333205964483495e-05,0.0002017499937210232,F_CONGESTED,UCBTuned,48
0.0,0.8659574468085106,470,0,1.0,0.0,0.0,0.0,0.00024033057273043252,0.0004699500059359707,F_CONGESTED,UCBTuned,49
0.0,0.8638297872340426,470,0,1.0,0.0,0.0,0.0,7.473078519036704e-05,0.00015195000014500692,F_CONGESTED,UCBTuned,50
0.0,0.8821052631578947,475,0,1.0,0.0,0.0,0.0,9.998361327066165e-05,0.0002192249958170578,F_CONGESTED,UCBTuned,51
0.0,0.874,500,0,1.0,0.0,0.0,0.0,5.339041949800976e-05,7.609999738633633e-05,F_CONGESTED,BayesianUCB,42
0.0,0.868,500,0,1.0,0.0,0.0,0.0,1.7224949769008378e-05,2.7699992642737925e-05,F_CONGESTED,BayesianUCB,43
0.0,0.87,500,0,1.0,0.0,0.0,0.0,2.0785429229134483e-05,3.8700003642588854e-05,F_CONGESTED,BayesianUCB,44
0.0,0.874,500,0,1.0,0.0,0.0,0.0,1.3158882313088222e-05,2.2599997464567423e-05,F_CONGESTED,BayesianUCB,45
0.0,0.88,500,0,1.0,0.0,0.0,0.0,1.5834930320103056e-05,2.3600005079060793e-05,F_CONGESTED,BayesianUCB,46
0.0,0.87,500,0,1.0,0.0,0.0,0.0,1.2648902223965974e-05,1.889999839477241e-05,F_CONGESTED,BayesianUCB,47
0.0,0.87,500,0,1.0,0.0,0.0,0.0,2.087165684970895e-05,3.060000017285347e-05,F_CONGESTED,BayesianUCB,48
0.0,0.868,500,0,1.0,0.0,0.0,0.0,1.6751696738812277e-05,2.269999822601676e-05,F_CONGESTED,BayesianUCB,49
0.0,0.864,500,0,1.0,0.0,0.0,0.0,9.810379295035483e-06,1.679999695625156e-05,F_CONGESTED,BayesianUCB,50
0.0,0.868,500,0,1.0,0.0,0.0,0.0,1.2559681381898264e-05,2.3800006601959467e-05,F_CONGESTED,BayesianUCB,51
0.0,0.26666666666666666,270,82,0.2074074074074074,0.7925925925925926,0.0,0.0,5.1409224988170986e-05,8.14500090200454e-05,F_CONGESTED,ThompsonSampling,42
0.0,0.26591760299625467,267,81,0.20224719101123595,0.797752808988764,0.0,0.0,4.0641044303010316e-05,6.353000862873154e-05,F_CONGESTED,ThompsonSampling,43
0.0,0.4014084507042254,284,116,0.352112676056338,0.647887323943662,0.0,0.0,8.330947424391317e-05,0.00019280000706203292,F_CONGESTED,ThompsonSampling,44
0.0,0.24812030075187969,266,68,0.16541353383458646,0.8345864661654135,0.0,0.0,0.00011311123573372999,0.00021093999966979022,F_CONGESTED,ThompsonSampling,45
0.0,0.22727272727272727,264,63,0.14772727272727273,0.8522727272727273,0.0,0.0,0.00010736377350766353,0.00021555999701377003,F_CONGESTED,ThompsonSampling,46
0.0,0.3674911660777385,283,104,0.3321554770318021,0.6678445229681979,0.0,0.0,6.083908528138713e-05,8.224499470088612e-05,F_CONGESTED,ThompsonSampling,47
0.0,0.3929824561403509,285,107,0.3508771929824561,0.6491228070175439,0.0,0.0,0.00010513741254580201,0.00016364999464713037,F_CONGESTED,ThompsonSampling,48
0.0,0.2988929889298893,271,85,0.22509225092250923,0.7749077490774908,0.0,0.0,5.717683795998763e-05,8.619999498478135e-05,F_CONGESTED,ThompsonSampling,49
0.0,0.2878228782287823,271,89,0.2140221402214022,0.7859778597785978,0.0,0.0,4.417022073004559e-05,7.352499378612262e-05,F_CONGESTED,ThompsonSampling,50
0.0,0.4948805460750853,293,143,0.46757679180887374,0.5324232081911263,0.0,0.0,5.118809497858188e-05,8.633999750600189e-05,F_CONGESTED,ThompsonSampling,51
